"id","group","weight_wk00","weight_wk04","weight_wk08","weight_wk12"
"F01","control",82.4,82,82.9,82.2
"F02","control",90,88.5,89.4,87.5
"F03","control",87.4,87.8,87.2,87.5
"F04","control",78.5,78.3,76.1,78.2
"F05","control",67.2,65.8,62.2,62.4
"F06","control",76.6,76,76.1,76.7
"F07","control",85.7,85.4,83.8,83.9
"F08","control",86.9,85.2,85.8,84.5
"F09","control",68.8,68.1,67.4,66.4
"F10","control",83,81.7,82,80.8
"F11","control",71.6,71.8,69.2,67.5
"F12","control",94.1,93.9,93.4,93.9
"F13","control",84.4,84.8,85,82
"F14","control",79.4,79,78.8,79.8
"F15","control",91.6,91.5,90.9,93.1
"F16","control",73.8,73.6,73,72.4
"F17","control",97.8,96.6,95.1,96.5
"F18","control",76,74.6,73.6,73.4
"F19","control",64.9,64.5,64.4,63.8
"F20","control",72.5,74.3,73.7,74.6
"F21","programme",79.5,78.2,77.1,74.3
"F22","programme",81.7,80.2,78.9,76.8
"F23","programme",75.4,73.6,71.5,69.4
"F24","programme",79.6,79.3,79,76.4
"F25","programme",86.9,87.1,84.5,85.1
"F26","programme",87.3,84.2,84,82.2
"F27","programme",85.9,83,84.6,79.4
"F28","programme",75.3,73.3,69.7,67.5
"F29","programme",86.8,85.3,86,82.9
"F30","programme",98.5,99.2,95,95.1
"F31","programme",74,73.6,73.6,72.3
"F32","programme",106.2,105.8,104.2,104.6
"F33","programme",93.2,92.3,91.2,92.1
"F34","programme",70.4,67.8,66.4,62.9
"F35","programme",73.8,73.1,74,70.8
"F36","programme",81.2,78.9,77.5,77.8
"F37","programme",83.6,82,81.4,81
"F38","programme",73.7,71.9,72.6,70.5
"F39","programme",77.2,76.2,74.4,74.5
"F40","programme",87.5,86.1,85.9,85
