"id","site","group","sex","age","weight_start_kg","weight_end_kg","wellbeing"
"P001","Dublin","control","female",42,72.4,81.5,28
"P002","Cork","programme","female",44,89.3,86.4,32
"P003","Cork","programme","female",22,73.2,67.8,30
"P004","Cork","control","female",43,100,105.8,14
"P005","Galway","control","female",34,88.2,91.7,17
"P006","Dublin","programme","male",26,86.9,86.4,9
"P007","Cork","control","female",47,90.8,96.3,16
"P008","Dublin","programme","male",33,51.6,45.8,30
"P009","Dublin","control","male",37,72.7,72.4,28
"P010","Cork","control","female",44,96.8,92.7,15
"P011","Cork","programme","male",46,102.3,98.2,20
"P012","Galway","programme","male",31,74.2,75.1,13
"P013","Dublin","control","female",20,99.4,102.7,18
"P014","Cork","programme","female",43,92.5,86.9,22
"P015","Dublin","programme","female",35,91.4,85.6,28
"P016","Dublin","control","male",38,77,77.9,27
"P017","Cork","programme","male",38,76,64.4,22
"P018","Cork","control","male",38,78.4,74.7,35
"P019","Dublin","programme","female",33,94.9,96.5,30
"P020","Dublin","control","female",43,89,97.8,19
"P021","Cork","programme","female",49,93.1,95,17
"P022","Galway","control","male",32,69.8,61,25
"P023","Dublin","programme","male",36,90.9,87.5,30
"P024","Dublin","programme","male",35,88,75.2,19
"P025","Cork","control","male",42,75.4,70.6,16
"P026","Dublin","programme","female",20,77.7,77.6,33
"P027","Cork","programme","male",40,89.4,84.1,26
"P028","Dublin","programme","female",50,89.4,88.8,33
"P029","Galway","control","male",44,72.1,61.6,18
"P030","Cork","programme","male",46,74.2,76.7,22
"P031","Cork","control","female",47,77.9,78.7,19
"P032","Dublin","programme","female",48,78.1,78.6,24
"P033","Cork","programme","male",48,80,87.8,20
"P034","Cork","programme","female",42,85.1,80.4,31
"P035","Dublin","programme","female",36,75.5,65.4,29
"P036","Cork","control","male",59,83.3,92.8,29
"P037","Cork","control","male",44,77.2,74.6,17
"P038","Cork","control","male",48,75.5,72.1,10
"P039","Cork","programme","male",41,79,64.6,NA
"P040","Cork","programme","female",41,67.4,68.9,18
"P041","Galway","programme","female",47,97.4,90.4,32
"P042","Galway","control","female",29,62.5,66.8,NA
"P043","Dublin","control","female",51,108.2,101.4,35
"P044","Galway","control","female",35,79.5,85.6,33
"P045","Dublin","programme","male",18,71.5,77.3,27
"P046","Dublin","programme","male",27,94.8,87.9,26
"P047","Cork","programme","male",25,80.3,73.8,32
"P048","Dublin","control","female",28,101.7,112.4,9
"P049","Dublin","control","female",28,86.5,82.7,25
"P050","Dublin","programme","female",48,78.4,77.4,30
"P051","Dublin","programme","male",61,86.8,87.9,16
"P052","Dublin","control","female",37,78.5,73.6,25
"P053","Galway","programme","female",33,88.5,80.2,24
"P054","Dublin","control","female",35,94.2,88.4,NA
"P055","Dublin","programme","female",26,87.9,84,38
"P056","Galway","programme","female",34,96.2,89.6,26
"P057","Dublin","control","female",59,76.5,82.3,23
"P058","Dublin","programme","female",27,72.7,72.1,28
"P059","Dublin","control","female",26,79.2,79.9,19
"P060","Galway","control","female",52,89.4,81.7,16
"P061","Cork","control","female",36,69.2,68,27
"P062","Dublin","control","female",45,63,68.9,12
"P063","Dublin","programme","female",50,82.8,76.4,26
"P064","Dublin","programme","male",33,74.6,75,26
"P065","Dublin","programme","female",28,89.3,85.4,28
"P066","Cork","control","female",43,81.7,76.2,32
"P067","Cork","control","female",40,96.3,105.8,21
"P068","Galway","control","female",31,97.4,95.7,19
"P069","Dublin","control","female",53,87.5,85.5,25
"P070","Dublin","programme","female",53,91.4,87.3,31
"P071","Cork","control","male",37,74.4,74.3,19
"P072","Dublin","programme","male",23,79.1,69.5,23
"P073","Dublin","programme","male",35,54.8,49.8,25
"P074","Dublin","control","female",46,103.2,98.7,15
"P075","Cork","programme","male",41,82.2,75.1,25
"P076","Dublin","programme","female",44,95.8,88.1,26
"P077","Dublin","control","female",39,73.9,69.9,18
"P078","Cork","control","male",36,80.8,87,31
"P079","Galway","control","male",29,98.3,94.5,27
"P080","Galway","control","female",36,79.4,88.4,25
"P081","Cork","control","male",33,83.7,86.9,28
"P082","Dublin","control","male",50,89.9,80.6,12
"P083","Galway","programme","male",38,80.8,77.4,26
"P084","Cork","programme","male",38,86.2,91.5,25
"P085","Cork","programme","female",32,72.4,70.4,28
"P086","Cork","programme","female",50,80.5,79.1,24
"P087","Galway","programme","female",39,82.3,77.4,NA
"P088","Galway","programme","female",41,77.6,68.2,39
"P089","Dublin","programme","male",43,86.4,86.1,15
"P090","Dublin","control","male",62,101.8,95.4,13
"P091","Dublin","programme","female",31,75.2,79.4,14
"P092","Cork","control","male",27,79.3,75.8,25
"P093","Dublin","control","female",38,76.7,70.3,37
"P094","Galway","control","female",46,83,83,22
"P095","Dublin","programme","female",42,107.9,101.5,40
"P096","Galway","programme","female",19,77.6,68.2,26
"P097","Dublin","control","female",30,74.9,75,22
"P098","Dublin","control","female",46,82.5,79.2,30
"P099","Cork","control","female",21,81.9,75.5,33
"P100","Dublin","control","female",22,59.7,50.6,14
"P101","Galway","programme","female",39,96,92.3,32
"P102","Cork","programme","female",40,92.6,92.3,24
"P103","Dublin","programme","female",27,106.6,106,18
"P104","Cork","control","female",57,85.2,78.6,26
"P105","Dublin","programme","female",53,72.3,62.8,19
"P106","Galway","programme","female",53,81.9,75.8,21
"P107","Dublin","programme","female",27,90.4,83.4,36
"P108","Dublin","control","female",21,84.6,87.8,21
"P109","Cork","control","female",64,90.3,88.3,24
"P110","Dublin","control","female",35,69.5,64.8,12
"P111","Dublin","control","female",26,76.8,66.9,26
"P112","Cork","control","female",42,100.4,88.8,18
"P113","Dublin","control","male",30,86.1,78.2,22
"P114","Cork","programme","male",29,70.4,74.7,23
"P115","Cork","programme","male",31,87.5,81.8,16
"P116","Dublin","programme","male",22,75.2,68.2,12
"P117","Dublin","control","female",50,80.6,77.8,24
"P118","Dublin","control","female",40,97.7,97.6,23
"P119","Dublin","control","female",35,89.4,92.2,29
"P120","Dublin","control","female",36,85.1,88.4,31
